,accuracy,set,model
0,0.9966926070038911,train,DT
1,0.9979896238651103,train,KNN
2,0.9779507133592736,train,LR
3,0.9979247730220493,train,RF
4,0.9890402075226978,train,SVM
5,0.9631742738589212,test,DT
6,0.979253112033195,test,KNN
7,0.9686203319502075,test,LR
8,0.9961099585062241,test,RF
9,0.9857365145228216,test,SVM
10,0.7785778577857786,val,DT
11,0.783978397839784,val,KNN
12,0.8451845184518452,val,LR
13,0.90999099909991,val,RF
14,0.8577857785778578,val,SVM
