,accuracy,set,model
0,0.990402075226978,train,DT
1,0.9979896238651103,train,KNN
2,0.9779507133592736,train,LR
3,0.9979896238651103,train,RF
4,0.9890402075226978,train,SVM
5,0.9618775933609959,test,DT
6,0.9821058091286307,test,KNN
7,0.9686203319502075,test,LR
8,0.995591286307054,test,RF
9,0.9857365145228216,test,SVM
10,0.7596759675967597,val,DT
11,0.7713771377137714,val,KNN
12,0.8451845184518452,val,LR
13,0.8910891089108911,val,RF
14,0.8577857785778578,val,SVM
