,accuracy,set,model
0,0.948249027237354,train,DT
1,0.9979896238651103,train,KNN
2,0.9779507133592736,train,LR
3,0.99526588845655,train,RF
4,0.9890402075226978,train,SVM
5,0.924792531120332,test,DT
6,0.979253112033195,test,KNN
7,0.9686203319502075,test,LR
8,0.991701244813278,test,RF
9,0.9857365145228216,test,SVM
10,0.7011701170117012,val,DT
11,0.7803780378037803,val,KNN
12,0.8451845184518452,val,LR
13,0.8757875787578758,val,RF
14,0.8577857785778578,val,SVM
