,model,train_time
0,DT,0.3922290802001953
1,KNN,0.011075735092163086
2,LR,3.308157444000244
3,RF,0.35054492950439453
4,SVM,7.53339409828186
