,model,train_time
0,DT,0.4946002960205078
1,KNN,0.020910978317260742
2,LR,2.950200319290161
3,RF,0.4015827178955078
4,SVM,6.256653547286987
